ID,predicted
ID_7W4Q1615FZ,3
ID_ZDOP7324ZF,M5
ID_7NWKCWAHP0,P6
ID_477BBRFS8A,4
ID_ZPS9DOT2XB,6
ID_V5XK9NTVM5,3
ID_2N45YPG9OI,S1
ID_MK8ASJN031,Q3
ID_DZAIIZJVCS,R2
ID_A0GZDDFX1S,I3
ID_L8HFIOSB0B,2
ID_BYJLT0XGS0,6
ID_OYHOBRM8CJ,M1
ID_80SXZUYTZM,D3
ID_8H8W8HMS2H,1
ID_T2JCI2FZAB,Q7
ID_9BH9YETW2N,V5
ID_6IEQRSENON,L1
ID_H0JY2R1TWZ,W7
ID_52LG3VJM5W,D1
ID_UKQL04FDHF,6
ID_9DQEP8FLNR,2
ID_8W8JBVLERY,5
ID_CMO4MXBFD2,F
ID_PKNVYYMN9M,1
ID_V7RI2M1LAY,8
ID_2GP5WQ9853,H7
ID_VJ2UXQJ7OX,J4
ID_D2QZ07QDO9,7
ID_2FT3OI6DBP,8
ID_49Z6DH6YVP,C
ID_6LQ8NTJDPN,R5
ID_S80EEBP5M3,6
ID_J91CNHP7J4,P7
ID_SU21QGFMME,3
ID_EXBO80ASZX,T4
ID_JQP6JO7RM3,4
ID_R9V0RWCTP6,X6
ID_N8GZ4AZA72,I4
ID_GLOXM0DL65,F
ID_TKRCWTVKTV,B3
ID_OXOUBX9GWT,B1
ID_FBLARXN8EP,M7
ID_D57ULG1ZBZ,O2
ID_TYTKI7UTME,X6
ID_TQOG8S8WSP,D5
ID_3C1S9NWGCZ,C6
ID_NKYBV4EHK6,7
ID_BIH9V0MI87,L6
ID_X9IHGBMQ0E,A
ID_PLE6ZHPM4I,7
ID_TM4TU1PQUH,R7
ID_K4E1FH1KY3,7
ID_3BIPC8DG8J,U6
ID_2FXGEL5WMX,1
ID_UGPGNZPG4S,6
ID_P0A2749QSK,X7
ID_KVL1E2VQJJ,X3
ID_DMKSEAW0NP,K7
ID_PQDFDSMYIE,E1
ID_S7A0P58IQ8,3
ID_8OF6D2FUN4,8
ID_WAVP08F15I,R5
ID_ROVUA0TH0F,E
ID_1SCY8H8XSH,D5
ID_NLWKWU000B,G
ID_DWL0R62DXY,B
ID_YBQVTWDDZI,D
ID_D1KWS2E1BJ,4
ID_7MNRLKCAYV,H6
ID_YM5UUV2957,5
ID_4GXC5C1WXG,Z4
ID_0WQU16SW57,C8
ID_1H6X2ZP09B,8
ID_JN0PHLZ34N,3
ID_ANVS89YFW5,K6
ID_O568MLLLPY,2
ID_69UBH2KP66,8
ID_9SYEJQHJG9,E
ID_UPOWYAKODI,M7
ID_MZD3ZN105Q,2
ID_KVE58KQKCH,8
ID_ZEWAXP3WKW,Z2
ID_9EHLCDPS84,6
ID_CFHSWCBUQW,Y7
ID_M0OXHHNF46,H5
ID_A5L0LWE8TR,H
ID_I0JEVLXFBB,R2
ID_IOELRF0Y5C,2
ID_LOU2WL8865,G5
ID_DNSD31A0M7,F3
ID_POFZFPT75E,5
ID_0V6VR4G6GN,Q2
ID_EE8JDO832J,8
ID_YDBPL3AK3O,V5
ID_KTBANQX946,4
ID_N8ML2JFDZQ,B
ID_HXLZD2NTWG,E8
ID_4JI11ZOPU9,U8
ID_P7EKHKQZO8,S7
ID_YM7K9QZ2B6,3
ID_81VZREH3UM,M2
ID_OAER64GU6M,K8
ID_DV2R58W124,7
ID_E4WVOXER3N,V2
ID_76RNGIASLT,E6
ID_0BSGHSUV1K,4
ID_DTWY6GFKAR,R1
ID_XQC3UL2Y02,I5
ID_FY9HD3YTTH,F5
ID_E2CDP1BRBE,G
ID_2HTAGXP0YA,1
ID_5CI2RMP0UH,4
ID_X8U6YBZWIU,U4
ID_5E6LFOZMFK,X2
ID_1QFQWXQXGG,X4
ID_DW1JN9ZNR4,P3
ID_EODSE6W7CM,Q4
ID_YBODNSGL35,Q3
ID_6UCDYEYOWR,J1
ID_QIHRH4MEG0,G
ID_8WMNGEJZYX,1
ID_QOMSTONONR,F7
ID_B746MUKIKN,A7
ID_KVN5UYHXO0,M5
ID_S09X3J37RK,7
ID_3L9MCWW1QS,1
ID_NS303QG4N4,V8
ID_5DW7KGKGRG,2
ID_XST6SP3Y14,1
ID_LHB5CED0R5,5
ID_9BL7XCSQTI,1
ID_C064N9H5VD,3
ID_8P1C1ILSZX,1
ID_436HLG9903,6
ID_D0NDNUP2JK,6
ID_LOQ8FLM5WV,B
ID_D31MNLAPDT,E
ID_6PGC662YVQ,Q4
ID_UUX8K15DVU,G
ID_7UPAB5FJX5,F1
ID_DZ0R9BARKZ,8
ID_S83AWH38C0,2
ID_GH5DQLVA1W,5
ID_GGOMZOG82I,4
ID_QVDQBCSWUU,J5
ID_VXT19VS8PM,3
ID_0POI1PDWLC,5
ID_F8LD2HK2LZ,4
ID_H6U83MNECQ,U2
ID_ZYREVU7OV2,4
ID_0Z2YFNIS73,R6
ID_STC5BLMJP5,4
ID_Z0DIX5M9GA,U8
ID_24O5GUI01N,Y5
ID_K18XAKRDJX,A2
ID_ERAI135N3F,5
ID_0EFMXJ9HNE,2
ID_QQA6BCLDF5,C3
ID_WR3MG9B5F4,3
ID_PJWSR7WHOV,6
ID_K8PW0LNOY1,5
ID_0B8V1YMQNY,6
ID_E3YZ6ZI9AD,5
ID_3OAV0CU07N,W4
ID_B04D9RLT7E,U8
ID_AX6YF3XNV2,W5
ID_VODQFTBXIK,5
ID_HN2ESN5LV7,F
ID_FW01E2X0ZA,Z4
ID_GBAFUTI9DZ,5
ID_9PUO8UAKPM,O4
ID_LEJ31J801X,8
ID_SWNB0TVXDH,M7
ID_KGKTWK5X44,C
ID_AMT2SZJY3M,2
ID_KNC84QD9WZ,R5
ID_FFJJ4V6GT5,E1
ID_YAMZFU3EY0,H8
ID_9I3HYE96Q1,K1
ID_FWTK3WKQH9,5
ID_QZF93TNWU2,I5
ID_1XC1X5UF65,E4
ID_G58ET0KB6U,D4
ID_PQPU74MQQ4,4
ID_H9MY2HZPZI,2
ID_OQ0291L5V4,4
ID_8ZZNHA4DET,Z8
ID_MDLL3IIB98,F4
ID_914DQFWW5C,P8
ID_S61Y0Y93VZ,5
ID_GHT998HB35,2
ID_C0GTHSVFUR,J1
ID_4B5RAX7XV5,1
ID_H39YJ4CJ5Y,1
ID_7MPUSJCBE1,W1
ID_MMX4XEFVXO,4
ID_9LCYMLO119,X2
ID_Z1B42XR16F,F
ID_7QY1F8G28N,3
ID_M2HBH6HXS6,2
ID_QULFPNE5RF,Q2
ID_F1TG29V3TY,A6
ID_V9XI57YSC3,1
ID_R5081J9Y9Y,T2
ID_43CDS9NV4N,7
ID_YE3T7GCV86,3
ID_A5B354WVPJ,I4
ID_374USFVD5M,C
ID_QF86TWC47G,3
ID_YE4AXHMEOY,F7
ID_9I4HF3BCZ3,H
ID_PG300SM9BI,F
ID_E7G0DXNAGO,R7
ID_OZM1POX1PC,6
ID_G69KZG50N8,4
ID_2MWTHQZKAN,7
ID_0VZIFIRPY6,2
ID_1ZW5A31XTG,Q8
ID_JTCCOUOQ4N,2
ID_4VRXW3B50C,Q8
ID_ARKY8ZVCLN,G1
ID_JAMECOU5TC,2
ID_GNCOOXQZM3,6
ID_E7UE4R1HE4,3
ID_J8FYWHE4BJ,8
ID_6Q7Z2N6V4M,8
ID_3EMDSPFY33,A
ID_MLN9KSOJ8Y,8
ID_Q1GWRS92KQ,4
ID_YGFHXLG85E,E6
ID_RY6FYL2GLR,B
ID_11GA6Y35II,Q3
ID_3VQLW6VX88,2
ID_87TXVV5GHD,7
ID_8946WWU0GD,3
ID_4A0SQHJC7F,6
ID_KA67LOXG07,X1
ID_O0HP0Z9FRS,F8
ID_O6WFN2QH2K,2
ID_ASFSM6DOP0,W5
ID_M6EGAC2YMK,V3
ID_OYL39JRSN6,X1
ID_Z2B7KR10NB,5
ID_F1P3WATND0,E
ID_WKKD4ALWO1,C8
ID_N1HU49KBZ9,5
ID_6G2H7XTA3C,2
ID_MGRLGW5YM6,Z1
ID_PDV36CYSWV,1
ID_V0MNFI0E2T,S1
ID_HXUBJDK8IZ,2
ID_TRT5BGP57H,4
ID_K8A66ESYBF,O7
ID_MLVB29WRRR,7
ID_WDFPHT7QY0,B6
ID_UIVGRZL6QC,7
ID_7PYFABM86Q,6
ID_7R68UZEUQ3,8
ID_AGZYH02KRR,Z4
ID_F7QOEC5D2Y,H
ID_J91BZU9Z99,5
ID_7EE2UHRFTQ,S8
ID_IKCI42IALP,O2
ID_DC5BME0P5N,8
ID_0SNGYI4T5F,H
ID_MB0ZWMJBGE,H
ID_VV3MGHSHQK,8
ID_3JA6GS2RD9,R4
ID_6S2PXJZO93,Z1
ID_VIE5NYG3TO,V7
ID_BJW9QV2AUC,5
ID_SW7GYUU89N,P5
ID_KAULQ3QTTK,2
ID_BT320TKWJF,O4
ID_MSI3DIC4CV,V5
ID_SO47W19SDF,R4
ID_8CQSBFUJH9,V5
ID_2EMEPBEGY3,6
ID_JY6TTN3OTI,U1
ID_QCEURIU67H,N2
ID_B4Y7IW06IG,P1
ID_IJHQCORNRC,6
ID_0KB0GN9UD0,Z1
ID_53CVXSB2RX,P7
ID_JKKFLXRJPY,4
ID_YIBJFABQZN,A
ID_6RRXV4MZV1,5
ID_DFD7HQM70Z,8
ID_5YDEQYFA2L,3
ID_HGFQV6I174,A
ID_JWG552Y001,4
ID_360OSKMMUR,H
ID_MUCQGEKB5G,C5
ID_EJL3OXKENW,D
ID_493CTFRMSE,2
ID_SX8J2Q0OAX,A
ID_23BEB4XSOM,R2
ID_F1VP6JUKKX,4
ID_5XUOSSRRE5,4
ID_CZV2TY3482,7
ID_TUQSSZCSWZ,H3
ID_U5G02CIL5D,T3
ID_9M8EKQRITJ,R7
ID_65WHNPJC41,X2
ID_3ZY67E37JW,3
ID_4F91TYW66H,B
ID_02W83YG4H1,2
ID_WT5QK4WLI3,5
ID_BI5XGTG7YA,U1
ID_NO19W3LLVF,W2
ID_8V97HBCVXA,C
ID_W1CHTB9SZQ,A1
ID_N8UB58YDKO,N6
ID_25WXBCZC5P,O5
ID_YHJ5SHA1DW,W1
ID_1V11W6JD5O,3
ID_QB4YE1898O,S4
ID_87FI5BZQ2J,3
ID_JI36BONX3P,2
ID_4EVHO9THVT,L5
ID_W1Q6W4FVUW,1
ID_1YBWOQPVF4,4
ID_P0GAR4TMA0,T1
ID_N1MEY94CEK,C1
ID_CJXNHM19NC,S4
ID_W0XVW9OZ42,5
ID_JZGDFAEN08,F
ID_I0YEFNJD8E,C
ID_V5GN3C0FXI,1
ID_33Z9R1DK1Y,4
ID_K7BSNBLBJI,A
ID_WGM71JMDQV,O2
ID_VXMM3XGPG7,1
ID_A3UZCCZGSI,L8
ID_0TINJT432G,T1
ID_T2G5JBG512,M2
ID_WHMRTKDYMM,8
ID_6EWO1TAZM4,G
ID_FCD690ZIRZ,O8
ID_JAD46QXD9Y,Y5
ID_C3FWDIVNL7,4
ID_YHI6B1HCA3,1
ID_6848EVPKDJ,Y8
ID_QIN07SNUU0,N2
ID_JOPV5NESVW,4
ID_DWZLLESZH4,G7
ID_GR77VWLQXP,C6
ID_V4046CLT2M,H4
ID_C4677CRG7O,W3
ID_BQLC3IFKOY,H
ID_2BOPI81SK7,Q5
ID_G5C1FHS0QH,4
ID_2W3GDHRZO6,D3
ID_WVJ9BB977I,O8
ID_DJ8W4VOEA6,5
ID_XU2BUSN35W,3
ID_WYTPDW9MMT,H5
ID_864J4MLR9W,A6
ID_D6AMGWY01D,K3
ID_U1S35GGC89,G
ID_W2X2J4UQHT,2
ID_VQ2QUTCMXZ,U1
ID_T17BZ49WTO,A3
ID_9PCSKBDBZ4,8
ID_R98BDDP7LQ,H
ID_BJ4O19ZIQO,V4
ID_MT5FIIWMK4,C4
ID_QPHMOHCNR0,3
ID_GCTM7XHNEJ,1
ID_YCHHIUO0JB,E6
ID_ATTMUIVEEP,P5
ID_M82UKTQG1F,U7
ID_BQ0TI8VHND,7
ID_3GSS1QRBET,3
ID_IYYXOFQRK0,X3
ID_19P3T95GLS,Z2
ID_PHZRXPN9SF,G1
ID_99CPJ0T0S9,Z5
ID_TW2GLRJ4HF,4
ID_LMW7D30SC4,C
ID_VVZB9PN2DW,2
ID_4026J8AU6Z,R4
ID_WTW27KLF1X,8
ID_5WCOLFUGLB,7
ID_FP9EDCE65H,U3
ID_YLDG81E38M,1
ID_2ENNZKYL9L,U7
ID_ZHD6ZIY6DV,C5
ID_IEDZN79NPK,R5
ID_WUHTVT9X0Y,Y4
ID_XEJOA7XFXY,J7
ID_15CRN3NN4K,H2
ID_A7XNNKMXZX,G
ID_HZME48Y5OS,F
ID_PFURUCGD9V,B8
ID_ZUGJY7J5GH,5
ID_PE1WX8Q7MY,W3
ID_MLOUC9YTJW,1
ID_HLTP2DI08M,O5
ID_L2IB59BTOK,P4
ID_0JWO6EOR1K,N8
ID_QU7PLKYRBA,6
ID_577VEG5N5L,U4
ID_B4NRX81239,Z7
ID_YZ3SN0HMCJ,5
ID_3CCX51LQAE,2
ID_VSCS6B14GR,5
ID_I3GKQRZPKF,B8
ID_Y3JD36EO5G,6
ID_QQJZ1DYUAL,Z1
ID_XOZYND26I7,E1
ID_E7BBBAW4L4,I2
ID_DIOWKS7ODF,K5
ID_PCV3OQITHE,L7
ID_QY1HH0SIWJ,S4
ID_K8FIDGVVTP,2
ID_C4VU6J7PN9,G6
ID_AF6FZKQW35,E1
ID_P9Z2W6I9FE,8
ID_O6G3HNTLTK,8
ID_EK6R9WS9YF,1
ID_H093S5H7G8,R2
ID_1Z10Q797LQ,S4
ID_EOM7NEJHZ9,Z4
ID_30TCIAXQ51,1
ID_CR7AOE2X0U,N4
ID_MSW4CSJ5QE,8
ID_Y9U02S6KLB,I5
ID_LPC1C5VF0Y,D6
ID_B8BQ3X2IFV,6
ID_ILXHTB38OZ,2
ID_N0GKHH67IW,G
ID_0CE5ZK04FX,5
ID_XT52ORGHSD,4
ID_QCYCKNERDX,6
ID_YC8T9VC05Z,1
ID_4BWFB93GT3,4
ID_FE49X6DCHI,X2
ID_N1B78FX0ON,Z1
ID_FGNP4CYNF6,E
ID_7CTAC7KB71,6
ID_JK5798OUD2,I
ID_G0I4D3F46K,S3
ID_PVQZJ3ALJR,V3
ID_BVLC76L2B9,J1
ID_QRS0YHTGYH,I5
ID_190A4I7T82,2
ID_QAOVSNKZH7,1
ID_MDT9JQSKO5,L1
ID_05367F959W,1
ID_P7MQ9LXNCT,6
ID_QMGUYRUT7X,3
ID_0TFSX0MXEH,O4
ID_SZDIH8EQBL,8
ID_7PFGLU9DF7,6
ID_6KN0U4O766,A
ID_A3E4MDY73M,I2
ID_IVX3ZOKN9H,B7
ID_YN5O1ROGNN,2
ID_HXQ5HCX7GV,5
ID_VJLU39W8LH,6
ID_1ZTBO4HR39,5
ID_LTSWI21HNY,8
ID_7YJV90RLSI,Y2
ID_SJ5A7TYXFB,I
ID_O8224CT78L,3
ID_XIZRCRA177,O6
ID_EOS9VYTW06,5
ID_0T3Y4AHNX8,2
ID_A0GQEZ3QAJ,J6
ID_4YIADNCLU5,Z8
ID_15DEIVFGYY,2
ID_G5CT2D1AFT,A
ID_UFV4JW13Q8,3
ID_Z5OINPC71W,Q2
ID_3F9E7XPZZJ,5
ID_5VX2AKCMFP,D5
ID_HCTVTZ6KG7,7
ID_5K7YJBIUFW,C4
ID_R74INR36VO,4
ID_KLKFVB3H54,P8
ID_NFQ4OVXSAX,6
ID_Z6EVZHWNF9,B5
ID_9DLDO3MF13,8
ID_1LMK7UIJAV,6
ID_7BX3LQXE8M,8
ID_C2NJ9BDSMG,5
ID_YUR4J28NDU,7
ID_TF2TUOX2PJ,7
ID_TWACA2Z53B,8
ID_B6PFGXJDJJ,4
ID_YX9F0STZD2,T4
ID_URJQWBWPKZ,I7
ID_MKTBTM4LT5,H4
ID_58Q48KRYX9,F
ID_5GZ1OTAXDB,8
ID_CCSGCWWMDO,F1
ID_2AD4OGB5PI,E2
ID_8WA5PTLXB6,F
ID_FYWOYFI5FH,Z4
ID_6O36A8JVA1,R5
ID_VHWVD8ZGUQ,7
ID_DH0SYF1I4V,5
ID_8J5GY002H7,C5
ID_7T7A9VFJMX,5
ID_WM4I0QTG35,F3
ID_7LHMPIQ1KT,M4
ID_UJAS6SOZRH,5
ID_E11WLTRE67,5
ID_S8MQV40LS5,6
ID_SB7P01NOA7,F5
ID_G8TABTME69,A
ID_AOZB17DXZK,M8
ID_UNL7497PTP,T3
ID_BW9BMH3O9B,F6
ID_T0D9KKMDHJ,4
ID_D7IQP52HZU,8
ID_SOX2EUEIWK,Y2
ID_M1T8B5EN3V,5
ID_VJSKD0TII6,X6
ID_83CUN2GUTA,A
ID_5PQBLD8K00,A
ID_C9AZU8V8D9,Q6
ID_3H2PQECJXI,3
ID_WON86L277B,C3
ID_OBUSAORQSL,C7
ID_F4KELPEIW1,T4
ID_QA45AR3OGI,B
ID_0LABL1KRED,1
ID_AWAWP1ENMO,T5
ID_6KJYRRLWOC,S8
ID_IODS7I7FPK,R1
ID_4NQUVJ2OT0,V2
ID_PEOWS5L5ZW,Y5
ID_TRY1IS357F,6
ID_X7B90WG2OI,Q7
ID_WKC2Q23QC5,X6
ID_E2TY6OVFWC,6
ID_14IBU1MUEQ,7
ID_NOC97MV9LT,4
ID_5L3PO60PYB,1
ID_6XH9MWTSBN,W7
ID_KA9B7IA0Y1,5
ID_3U3PY6C7BJ,O1
ID_KVT3P4JDA7,6
ID_XG9H7TXLVJ,Z8
ID_USHC06N4WX,X4
ID_FM0FVJSPJ0,5
ID_AY1H68FL2J,X8
ID_1I3K43YP31,2
ID_A2H3ZW61K6,Z6
ID_J7B7JAKJ9S,O2
ID_0HWSSA5KH2,3
ID_XJET7JOWGX,H
ID_QM7KQBHFUV,7
ID_6LDE5FHW1X,7
ID_XFC9PYJB13,I
ID_S1YVINGLE9,2
ID_8XW9TDQ97A,7
ID_DVSPO56S2U,A3
ID_I5DOARGYRA,5
ID_P999K3OEAU,8
ID_ZNMJZY068Z,Z6
ID_DF3HFFDLAI,Q7
ID_0TVXJ1NOPK,W5
ID_A0WWEQPZSJ,J8
ID_YBFFHBD8Y1,F3
ID_G0BQ8QDF5P,A
ID_UAGGLQFLTQ,C
ID_1KLZ38F17I,B6
ID_X78QA6E97D,8
ID_VEQPSHI8TY,6
ID_R40DGIYY1D,F4
ID_H5PGK7KFH4,N3
ID_AANY6JU78V,I
ID_BQY06QPAL7,I4
ID_C4B4BFM24J,8
ID_18K4TKYCN9,V1
ID_CAD74E7T0A,O4
ID_3ZVSVV45DN,G
ID_KBS0D3N0UT,Y4
ID_JI33XS1BKU,L4
ID_JHQS7F54YY,6
ID_YVK3CYF5N7,6
ID_BE7M11SLQ1,L3
ID_LOY8I85EL3,D5
ID_230B9D55K1,L6
ID_EYRBVGSH0F,3
ID_9N39JI049J,S6
ID_VPVMIXA0BF,3
ID_NMZWMAEEL1,6
ID_0U945BIL64,2
ID_G18ANOEEFJ,1
ID_9Y4IPELCCY,L4
ID_1IFKLSZ2IE,2
ID_0XETIV8Z3A,C5
ID_97Y2MZMYFA,4
ID_LL4OY83XSO,T7
ID_PH3AYQBQ6C,E3
ID_MTFVC384LD,8
ID_JN566X8T17,B
ID_ATYH603SL4,1
ID_8EJB03GIO3,X6
ID_Z14NBM6N6L,7
ID_J6FQG0UAWL,B
ID_K8GD5DA4E2,T8
ID_CWL5PMSD61,D8
ID_FK2WBS18RB,1
ID_9NMULFOCCM,4
ID_3NYG3198OY,6
ID_928TKKT5DT,N7
ID_56W1BWI1GR,F4
ID_TF2QY7QAOU,7
ID_ZT3I4J8J18,P7
ID_5PBR9YP750,4
ID_IK23QYRRRM,U1
ID_9IWV9RADXZ,A
ID_LA1YNV6UWL,2
ID_DMO097AU9J,4
ID_K4BMSFZSGW,O1
ID_MLXY5KQ6PZ,3
ID_6QKCDL5E1V,2
ID_P4X4KA271B,H
ID_JZN3BO0XY3,U4
ID_EGUN8S9NMS,8
ID_X9VIAPOU2F,4
ID_73DNFEPKPI,V6
ID_J25S515NYH,4
ID_7YEWB4HTUH,6
ID_PBRBLUMPGW,M8
ID_XFPZKDGALH,5
ID_7O4LR7FDM3,3
ID_1V30UKZXLX,E
ID_7R4L4L4H1Z,E
ID_MQHMDV10ES,5
ID_OX0VNTZVFH,K2
ID_WIBXV96JMB,3
ID_UUC8V60VC1,D6
ID_OAR3M2PWRI,I4
ID_UMEQK0MZ2A,D
ID_2JQYOO94T3,D4
ID_K92HWMISR4,D3
ID_RYLTAO4IMT,D
ID_1ELUI9NBH1,T7
ID_QODD23WIDQ,U3
ID_RU5HZGZAJB,7
ID_WF4ZVBG4JE,4
ID_D67V9OW6WB,W2
ID_6PPX09GPKW,H
ID_PCN0ZZHFFR,2
ID_9MD3R7Z1JC,M3
ID_6FKMDEW8IA,V2
ID_COB7FL2DP9,8
ID_F1R31NQMM6,6
ID_PNUNK2HVCX,B2
ID_I8SU0GVOSM,R5
ID_5L9OO9C0D3,F
ID_NVPAMEB4O6,I
ID_CTI6W6CU80,S4
ID_H9OA1GMUNM,5
ID_5MKCYB1THT,D8
ID_7XIUN759LF,2
ID_00SKE7SPAY,6
ID_RL8W069ZGQ,Q6
ID_CH1BX4NV27,F
ID_3YEKYLTAL1,5
ID_M2LHP6DO9N,5
ID_BC0647ZEY9,P3
ID_9XYW8CV3RV,3
ID_18ZQDGTTQ4,C
ID_79XGFE8FIQ,5
ID_34HT09USX6,A1
ID_0635DMUNGQ,D
ID_DG5B2MQNC1,K3
ID_4N0J90VEFT,H
ID_2QQWIQNVS2,7
ID_OOLPWFHZ82,G
ID_8UF6K85USX,W3
ID_1KPQXZIM9H,3
ID_0ZXMUVTE8U,3
ID_JKSCGW1PSV,2
ID_0SYTWO7F2W,A6
ID_BBYIF7OUO8,7
ID_GCTKGQKMZH,X7
ID_007LAHZSD8,Z4
ID_PB2FSUOOUR,K7
ID_WUAS5V5E8P,L1
ID_WG82TQG6U7,5
ID_8OARB3D21Y,Y4
ID_X9CCJY8RLI,4
ID_XTNI4UBWYA,1
ID_N4YP3GWCOU,N1
ID_CZAH759059,C
ID_DJG8FDQ3UY,G1
ID_XVHS0AGHJU,M4
ID_UBI3PCPXX7,5
ID_FYLMTYS9KT,1
ID_M66ZWY2OLS,8
ID_JY9M8VREWP,V1
ID_3YEYHL7XZ2,A5
ID_MS4ZSN7KPV,Z3
ID_ZLQM5PF8W2,8
ID_1GZEGBQCXJ,Z3
ID_0OZV9CKI3C,K2
ID_I2XHVYWFA4,D6
ID_XP5PQB7VII,F
ID_3INAI4GVB0,P7
ID_AOYS5I11WJ,6
ID_Y27W00URZO,I7
ID_RDWQAMKPML,C
ID_M9BDC7PZ55,Z3
ID_WX0ZKHNCEM,P6
ID_W7ATCFKBKQ,3
ID_HRBNHJXEJD,2
ID_UBNNBN9ZH7,H
ID_WXBLWCPPIU,5
ID_BBY4RCVSL7,3
ID_JQ0USYPDON,5
ID_DUK40MGMES,8
ID_3K9419TCNV,1
ID_L8OF6YN23N,I3
ID_6CHE2Y6QFE,G3
ID_89LE6A29Y1,D4
ID_4B3QR8JWY9,4
ID_AE7HCMW4YG,2
ID_MGSAM8YHQ6,6
ID_CR9XX5HW0J,3
ID_34AKLFXBWO,5
ID_LNMZ38F6LH,K4
ID_2H1MJC7RQD,V8
ID_T9UM0X0UWO,L3
ID_40V42HLSL2,O4
ID_52NTSY9CH8,5
ID_YFCBY6WGJ2,V1
ID_YUASHI7INA,6
ID_FCGA7TUT2C,A4
ID_9HH5VAG29X,S3
ID_T57Y06VYJK,3
ID_05FOEUH8J6,H5
ID_BMVD1ECGJT,2
ID_50Z1R1Y808,Q5
ID_5RF70A3DTT,8
ID_0VCBC13NB4,2
ID_I11HS26I9Z,F
ID_BQ7BEK0U0C,S2
ID_EXP4BT8362,4
ID_FC3Q0EBM4M,S4
ID_FOIDDUBNC8,C6
ID_H9TN4XUSMC,3
ID_WI7WGYNLXO,5
ID_PTQ4SKZY5D,I5
ID_OMJZOKALFL,D6
ID_71YANM7OGK,F
ID_GXCQSKYQWL,6
ID_YA7TLYPRBN,8
ID_CE6D7OE52O,S1
ID_CQ10R9195I,7
ID_GF7RRH3TQ1,8
ID_96EAJ6H5JY,3
ID_00MXQK5XNF,7
ID_HAYDIEQQCP,F
ID_3W6ZMLKXM6,5
ID_4E9602G8FT,7
ID_LR55LP3TPS,Q8
ID_BAK5KMGJMW,D
ID_DM5R9MJUIP,H7
ID_DG7FRMSFGG,N6
ID_9101M99NZH,4
ID_T0JVEAUAUL,3
ID_7Y7UB0WSRV,4
ID_F41VGWBC1M,1
ID_NKKHCQD42E,2
ID_HSYG7CTAF9,1
ID_UK5OBYW14N,3
ID_APHTU51NKF,1
ID_LQ1NC0X9EV,3
ID_22RM8VUQYR,A
ID_8PD8KP4C7X,3
ID_ESBTZT6NDA,3
ID_A982UKJRXP,4
ID_EWPJ0ICQ5K,4
ID_K4MQ2ADY5F,2
ID_59J0OKPGZ8,2
ID_JEWV5YMC2P,4
ID_UNDZWOBOKM,4
ID_YHTQ2W4Z77,3
ID_BTFBC72895,3
ID_QL8WVWZAIL,A
ID_OS1W4CI1Y1,A
ID_GS5HVH80LX,4
ID_AIM9X6ECCC,4
ID_4POTXVDAAL,3
ID_HWRIOUB2KS,1
ID_WURGWFHNJW,2
ID_9THPS87IYG,3
ID_536RRV4CPS,1
ID_BFCE8Q0NC8,1
ID_QMEJCKCV41,2
ID_4AI7CVVV8Q,4
ID_0AH1GP3AC3,2
ID_GSG9NIFC6J,1
ID_HUD956GTVM,1
ID_Q861DQIDV6,4
ID_WZO5VTSIU8,3
ID_XX3ELOVQS6,3
ID_QX6QVSBXGR,4
ID_B95M5YVWPJ,4
ID_N5RMZW8ZM5,4
ID_JIN1YWDICS,1
ID_KZB77WMF81,F
ID_RI7J43CWGY,1
ID_70ONLAYFSV,1
ID_ZKH8L96UWM,1
ID_GIEIAD0K30,4
ID_IZX12JDP5R,1
ID_QS6LESNZJ8,1
ID_AVWC84XRZ4,F
ID_XJ5DYAK85S,H
ID_84S1LZ41FP,4
ID_BYKSL8VKXQ,1
ID_MKP99ETXXA,3
ID_YFFRCY8PGM,3
ID_9QTNQDVMYX,3
ID_PZM114ESPI,4
ID_Y1XLI26M74,3
ID_8G0K6CPCXZ,D
ID_OXO9KF4ZLY,F
ID_LP29KFOFGN,2
ID_XPLM24Y73T,1
ID_GDP6RCEM06,2
ID_H7ANCJTIGR,1
ID_X56JB1BUX1,2
ID_F5FPB8DIQK,1
ID_X0MMD4T8V7,1
ID_P3TFVGNHTK,2
ID_7EX59XCHNJ,3
ID_JQCR5O77NG,1
ID_J7RJGNI0AH,E
ID_O80K9O7W1P,1
ID_ELFGV2NRP1,1
ID_2NSH5DTYPA,1
ID_5CZX3LD206,3
ID_U5FA03R7TW,1
ID_LPIYSU25HL,4
ID_7VMREH77ML,2
ID_87Z25UI1Q3,2
ID_O9NN5QIEDR,3
ID_SWHTH05130,B
ID_LIBIHEABUA,4
ID_EWLKX4Z6MS,2
ID_IHPC5PR5Z5,1
ID_60DYKPTY75,G
ID_XNS38UK4PB,1
ID_BTRV5S9ZZ9,1
ID_MSGZXE8WJ2,1
ID_7XA7A9UJGI,3
ID_J26EUXF17J,4
ID_A34VXCUAX9,G
ID_5J41PYKMO9,2
ID_HY8Y2TTN6M,2
ID_EWGKK32YWU,A
ID_MSMYVLJJIZ,3
